{
    "targets": [[51.543537, 3.602669]],
    "alert_distance": 300.0,
    "current_location": [51.546789, 3.512565]
}