{
    "Tanken": {
        "alert_distance": 300,
        "targets": [
            51.544998367800076,
            3.60193778430542,
            51.53389437076287,
            3.5600524083288576,
            51.566558005805916,
            3.5518126622351076
        ],
        "alarm_name": "tanken"
    },
    "fff": {
        "alert_distance": 300,
        "targets": [
            52.52,
            13.409,
            51.51,
            13.409
        ],
        "alarm_name": "tanken"
    },
    "Tanken11": {
        "alert_distance": 300,
        "targets": [
            51.544998367800076,
            3.60193778430542,
            51.53389437076287,
            3.5600524083288576,
            51.566558005805916,
            3.5518126622351076,
            51.45654584512385,
            3.873506082645264
        ],
        "alarm_name": "tanken"
    }
}